{
  "run": "run_abl13_dong_xyz_norm_ahg_euler",
  "model": "GCN_CAM_8_8_16_16_32",
  "features_per_node": 25,
  "add_xyz": true,
  "normalize_xyz": true,
  "ahg_angles": true,
  "ahg_distances": true,
  "dong_quats": false,
  "dong_euler": true,
  "num_classes": 28,
  "test_accuracy": 0.680755,
  "macro_f1": 0.622703,
  "weighted_f1": 0.678067,
  "per_class": {
    "Large Diameter": {
      "precision": 0.687042,
      "recall": 0.707096,
      "f1": 0.696925,
      "support": 7948
    },
    "Small Diameter": {
      "precision": 0.59171,
      "recall": 0.558631,
      "f1": 0.574695,
      "support": 7334
    },
    "Index Finger Extension": {
      "precision": 0.835013,
      "recall": 0.904974,
      "f1": 0.868587,
      "support": 18858
    },
    "Extension Type": {
      "precision": 0.72877,
      "recall": 0.807538,
      "f1": 0.766135,
      "support": 15229
    },
    "Parallel Extension": {
      "precision": 0.6153,
      "recall": 0.756429,
      "f1": 0.678605,
      "support": 6688
    },
    "Palmar": {
      "precision": 0.561093,
      "recall": 0.616264,
      "f1": 0.587386,
      "support": 6997
    },
    "Medium Wrap": {
      "precision": 0.45877,
      "recall": 0.318058,
      "f1": 0.37567,
      "support": 2204
    },
    "Adducted Thumb": {
      "precision": 0.615074,
      "recall": 0.644283,
      "f1": 0.62934,
      "support": 16783
    },
    "Light Tool": {
      "precision": 0.587358,
      "recall": 0.706546,
      "f1": 0.641463,
      "support": 23738
    },
    "Distal": {
      "precision": 0.883084,
      "recall": 0.806309,
      "f1": 0.842952,
      "support": 20543
    },
    "Ring": {
      "precision": 0.465816,
      "recall": 0.627147,
      "f1": 0.534575,
      "support": 5356
    },
    "Power Disk": {
      "precision": 0.788832,
      "recall": 0.72167,
      "f1": 0.753758,
      "support": 4933
    },
    "Power Sphere": {
      "precision": 0.598842,
      "recall": 0.610724,
      "f1": 0.604724,
      "support": 6602
    },
    "Sphere 4-Finger": {
      "precision": 0.682153,
      "recall": 0.815369,
      "f1": 0.742836,
      "support": 4880
    },
    "Sphere 3-Finger": {
      "precision": 0.717518,
      "recall": 0.615007,
      "f1": 0.662319,
      "support": 13047
    },
    "Lateral": {
      "precision": 0.765902,
      "recall": 0.76484,
      "f1": 0.765371,
      "support": 26701
    },
    "Stick": {
      "precision": 0.34003,
      "recall": 0.304059,
      "f1": 0.32104,
      "support": 3006
    },
    "Adduction Grip": {
      "precision": 0.799882,
      "recall": 0.702558,
      "f1": 0.748068,
      "support": 5786
    },
    "Writing Tripod": {
      "precision": 0.542656,
      "recall": 0.550199,
      "f1": 0.546401,
      "support": 16116
    },
    "Lateral Tripod": {
      "precision": 0.439553,
      "recall": 0.269246,
      "f1": 0.333939,
      "support": 5118
    },
    "Palmar Pinch": {
      "precision": 0.69965,
      "recall": 0.688634,
      "f1": 0.694098,
      "support": 13338
    },
    "Tip Pinch": {
      "precision": 0.584631,
      "recall": 0.393486,
      "f1": 0.470382,
      "support": 7154
    },
    "Inferior Pincer": {
      "precision": 0.670831,
      "recall": 0.671355,
      "f1": 0.671093,
      "support": 14076
    },
    "Prismatic 3 Finger": {
      "precision": 0.444362,
      "recall": 0.432006,
      "f1": 0.438097,
      "support": 6905
    },
    "Precision Disk": {
      "precision": 0.796306,
      "recall": 0.81765,
      "f1": 0.806836,
      "support": 32794
    },
    "Precision Sphere": {
      "precision": 0.483484,
      "recall": 0.370384,
      "f1": 0.419444,
      "support": 5335
    },
    "Quadpod": {
      "precision": 0.643785,
      "recall": 0.631943,
      "f1": 0.637809,
      "support": 5491
    },
    "Tripod": {
      "precision": 0.668001,
      "recall": 0.583909,
      "f1": 0.623131,
      "support": 24300
    }
  }
}