{
  "pca": {
    "n_components": 9,
    "explained_variance_ratio": [
      0.4064962565898895,
      0.11709737032651901,
      0.07033645361661911,
      0.06422888487577438,
      0.05587245151400566,
      0.05451495200395584,
      0.04219699278473854,
      0.035566482692956924,
      0.0322672575712204,
      0.030785348266363144,
      0.02030569314956665,
      0.018181022256612778,
      0.013354490511119366,
      0.011493994854390621,
      0.007447459269315004,
      0.006660180632025003,
      0.005838399287313223,
      0.0045266347005963326,
      0.0016549157444387674,
      0.001174806384369731
    ],
    "loadings": [
      [
        -0.03160875290632248,
        -0.04162856191396713,
        -0.0457347072660923,
        0.19148731231689453,
        0.25769737362861633,
        0.21067427098751068,
        0.2946281135082245,
        0.280814528465271,
        0.19119887053966522,
        0.30677205324172974,
        0.30849987268447876,
        0.23636330664157867,
        0.2892834544181824,
        0.3021255433559418,
        0.2388865053653717,
        0.1691739857196808,
        0.18732616305351257,
        0.20658160746097565,
        0.2350238561630249,
        -0.08181853592395782
      ],
      [
        -0.16367705166339874,
        -0.06518257409334183,
        -0.08925625681877136,
        -0.3315545618534088,
        -0.0046575479209423065,
        0.222895085811615,
        -0.21578219532966614,
        0.14295439422130585,
        0.4217890501022339,
        -0.17701455950737,
        0.11632413417100906,
        0.3639633357524872,
        -0.12234193086624146,
        0.09067471325397491,
        0.31811726093292236,
        -0.3700731694698334,
        -0.14530570805072784,
        -0.20418532192707062,
        -0.2344682514667511,
        -0.0006401126738637686
      ],
      [
        0.6039505004882812,
        -0.1880299597978592,
        -0.06713037937879562,
        -0.031149322167038918,
        -0.25545597076416016,
        -0.13019348680973053,
        0.12290362268686295,
        -0.1870453655719757,
        0.22585426270961761,
        0.1345890611410141,
        -0.09065442532300949,
        0.1978088915348053,
        0.20434801280498505,
        -0.1245315745472908,
        0.12275673449039459,
        -0.0396713949739933,
        0.2745538055896759,
        -0.1683933287858963,
        -0.029044145718216896,
        0.40884289145469666
      ],
      [
        0.09228728711605072,
        -0.37453073263168335,
        -0.02454362064599991,
        -0.3429275453090668,
        0.0314871147274971,
        -0.1994369626045227,
        -0.15518616139888763,
        0.1620042473077774,
        -0.1358862817287445,
        0.021488310769200325,
        0.12072698026895523,
        -0.09304948151111603,
        0.1951383501291275,
        0.055041681975126266,
        -0.11492303013801575,
        -0.3461838364601135,
        -0.297324538230896,
        0.35961759090423584,
        0.42067140340805054,
        0.17579293251037598
      ],
      [
        0.010306733660399914,
        0.644575834274292,
        0.44393405318260193,
        -0.20696353912353516,
        -0.23607060313224792,
        -0.2642002999782562,
        0.03779720515012741,
        -0.05901743844151497,
        0.04542377591133118,
        0.1260470747947693,
        0.04764155298471451,
        0.09769237041473389,
        0.1401599645614624,
        0.05696516111493111,
        0.09962639212608337,
        -0.28194931149482727,
        0.11441333591938019,
        0.17446984350681305,
        0.08850814402103424,
        -0.14360497891902924
      ],
      [
        -0.029622668400406837,
        -0.009078923612833023,
        0.7022494077682495,
        0.05969648063182831,
        0.24239154160022736,
        0.268710196018219,
        -0.10456735640764236,
        0.10912078619003296,
        0.07774371653795242,
        -0.11062488704919815,
        -0.016374267637729645,
        0.0012130499817430973,
        -0.039813946932554245,
        -0.08519818633794785,
        -0.05026593804359436,
        0.15470345318317413,
        -0.07162018120288849,
        -0.00984550453722477,
        0.02892961911857128,
        0.5372179746627808
      ]
    ],
    "angle_names": [
      "THUMB_CMC_flex",
      "THUMB_MCP_flex",
      "THUMB_IP_flex",
      "INDEX_MCP_flex",
      "INDEX_PIP_flex",
      "INDEX_DIP_flex",
      "MIDDLE_MCP_flex",
      "MIDDLE_PIP_flex",
      "MIDDLE_DIP_flex",
      "RING_MCP_flex",
      "RING_PIP_flex",
      "RING_DIP_flex",
      "PINKY_MCP_flex",
      "PINKY_PIP_flex",
      "PINKY_DIP_flex",
      "INDEX_MCP_abd",
      "MIDDLE_MCP_abd",
      "RING_MCP_abd",
      "PINKY_MCP_abd",
      "THUMB_CMC_abd"
    ]
  },
  "clustering": {
    "best_k": 3,
    "avg_silhouette": 0.19482748210430145,
    "mean_ari": 0.5808399620657355
  },
  "mlp": {
    "test_accuracy": 0.8679592152016067,
    "macro_f1": 0.8580741991086752,
    "confusion_matrix": [
      [
        52454,
        10778,
        697
      ],
      [
        8861,
        94367,
        12085
      ],
      [
        630,
        9684,
        134094
      ]
    ],
    "classification_report": {
      "0": {
        "precision": 0.8467834369198483,
        "recall": 0.8205039966212517,
        "f1-score": 0.833436611214389,
        "support": 63929.0
      },
      "1": {
        "precision": 0.8218045963998641,
        "recall": 0.8183552591641879,
        "f1-score": 0.8200763007186868,
        "support": 115313.0
      },
      "2": {
        "precision": 0.9129742095372968,
        "recall": 0.928577364134951,
        "f1-score": 0.9207096853929498,
        "support": 144408.0
      },
      "accuracy": 0.8679592152016067,
      "macro avg": {
        "precision": 0.860520747619003,
        "recall": 0.8558122066401301,
        "f1-score": 0.8580741991086752,
        "support": 323650.0
      },
      "weighted avg": {
        "precision": 0.8674171216263508,
        "recall": 0.8679592152016067,
        "f1-score": 0.867616474065576,
        "support": 323650.0
      }
    },
    "collapses": [],
    "best_val_acc": 0.8606425240370775
  },
  "elapsed_seconds": 529.9103697359988
}